<?xml version="1.0" encoding="UTF-8"?>
<!DOCTYPE mapper PUBLIC "-//mybatis.org//DTD Mapper 3.0//EN" "http://mybatis.org/dtd/mybatis-3-mapper.dtd">
<mapper namespace="com.mazhq.web.mapper.UserMapper">

    <!-- 通用查询映射结果 -->
    <resultMap id="BaseResultMap" type="com.mazhq.web.entity.User">
        <id column="id" property="id" />
        <result column="order_id" property="orderId" />
        <result column="user_id" property="userId" />
        <result column="user_name" property="userName" />
        <result column="pass_word" property="passWord" />
        <result column="nick_name" property="nickName" />
    </resultMap>

    <!-- 通用查询结果列 -->
    <sql id="Base_Column_List">
        id, order_id AS orderId, user_id AS userId, user_name AS userName, pass_word AS passWord, nick_name AS nickName
    </sql>

</mapper>